,Energy,Protein,Total lipid (fat),"Carbohydrate, by difference","Fiber, total dietary",Starch
g,252.50995706563936,5.87083644837029,14.164310277112966,27.92061929754156,1.1344967993739055,0.0
